<?xml version="1.0"?>
<ProjectRoot xmlns:xsd="http://www.w3.org/2001/XMLSchema" xmlns:xsi="http://www.w3.org/2001/XMLSchema-instance">
  <TagLine>A foundational library for common persistence scenarios with RavenDb</TagLine>
  <Description>Use RavenDb the Fubu way</Description>
  <Name>FubuPersistence</Name>
  <TwitterHandle>@fubumvc</TwitterHandle>
  <GitHubPage>http://github.com/DarthFubuMVC/FubuPersistence</GitHubPage>
  <UserGroupUrl>https://groups.google.com/forum/?fromgroups#!forum/fubumvc-devel</UserGroupUrl>
  <BuildServerUrl>http://build.fubu-project.org/project.html?projectId=bt63&amp;tab=projectOverview</BuildServerUrl>
  <TeamCityBuildType />
  <BottleName>FubuPersistence.Docs</BottleName>
  <PluginTo />
  <Nugets>
    <PublishedNuget>
      <Name>FubuMVC.RavenDb45</Name>
      <Description>Drop in persistence with RavenDb for FubuMVC / StructureMap applications</Description>
    </PublishedNuget>
    <PublishedNuget>
      <Name>FubuPersistence45</Name>
      <Description>Foundation framework for basic persistence scenarios</Description>
    </PublishedNuget>
  </Nugets>
  <Url>fubupersistence</Url>
</ProjectRoot>