<?xml version="1.0"?>
<ProjectRoot xmlns:xsi="http://www.w3.org/2001/XMLSchema-instance" xmlns:xsd="http://www.w3.org/2001/XMLSchema">
  <TagLine>A member of the Fubu family of projects</TagLine>
  <Name>FubuPersistence</Name>
  <GitHubPage>http://github.com/DarthFubuMVC/FubuPersistence</GitHubPage>
  <UserGroupUrl>https://groups.google.com/forum/?fromgroups#!forum/fubumvc-devel</UserGroupUrl>
  <BuildServerUrl>http://build.fubu-project.org/project.html?projectId=[CHANGEME]&amp;tab=projectOverview</BuildServerUrl>
  <BottleName>FubuPersistence.Docs</BottleName>
  <Nugets>
    <PublishedNuget>
      <Name>FubuMVC.RavenDb45</Name>
      <Description>Drop in persistence with RavenDb for FubuMVC / StructureMap applications</Description>
    </PublishedNuget>
    <PublishedNuget>
      <Name>FubuPersistence45</Name>
      <Description>Foundation framework for basic persistence scenarios</Description>
    </PublishedNuget>
  </Nugets>
  <Url>fubupersistence</Url>
</ProjectRoot>